# ESP-IDF style partition table dengan 2 slot OTA (ota_0 / ota_1) + otadata,
# dibutuhkan esp-hal-ota untuk OTA update. Cocok untuk board flash 4MB.
# Sesuaikan ukuran ota_0/ota_1 kalau flash board Anda lebih besar/kecil.
#
# Name,     Type, SubType, Offset,   Size,    Flags
nvs,        data, nvs,     0x9000,   0x6000,
otadata,    data, ota,     0xf000,   0x2000,
phy_init,   data, phy,     0x11000,  0x1000,
ota_0,      app,  ota_0,   0x20000,  0x180000,
ota_1,      app,  ota_1,   0x1a0000, 0x180000,
